CREATE DATABASE  IF NOT EXISTS `handmade` /*!40100 DEFAULT CHARACTER SET utf8mb4 COLLATE utf8mb4_0900_ai_ci */ /*!80016 DEFAULT ENCRYPTION='N' */;
USE `handmade`;
-- MySQL dump 10.13  Distrib 8.0.40, for Win64 (x86_64)
--
-- Host: localhost    Database: handmade
-- ------------------------------------------------------
-- Server version	8.0.40


--
-- Table structure for table `category`
--

DROP TABLE IF EXISTS `category`;

CREATE TABLE `category` (
  `category_id` bigint NOT NULL AUTO_INCREMENT,
  `category_name` varchar(255) DEFAULT NULL,
  `image_cate` varchar(255) DEFAULT NULL,
  PRIMARY KEY (`category_id`)
) ENGINE=InnoDB AUTO_INCREMENT=106 DEFAULT CHARSET=utf8mb4 COLLATE=utf8mb4_0900_ai_ci;
/*!40101 SET character_set_client = @saved_cs_client */;

--
-- Dumping data for table `category`
--

LOCK TABLES `category` WRITE;
INSERT INTO `category` VALUES (101,'Trang sức','https://tnj.vn/img/cms/bo-trang-suc/BTS0001/bo-trang-suc-co-4-la-dinh-da-BTS0001.jpg'),(102,'Trang trí nhà cửa','https://encrypted-tbn0.gstatic.com/images?q=tbn:ANd9GcTXRHi0IY_KdZ3sJj2n-Z1jznvS7xs00nigJA&s'),(103,'Giấy & Thiệp','https://thiepdep.com.vn/wp-content/uploads/2020/09/cach-su-dung-giay-mau-lam-thiep-cuc-ky-don-gian-va-bat-mat1.jpg'),(104,'Đèn & Nến','https://firstsight.vn/wp-content/uploads/2021/06/den-dot-nen-thom.jpg'),(105,'Túi & Ví','https://static.hotdeal.vn/images/1409/1409191/500x500/318062-set-tui-va-vi-dap-van-ca-sau-sang-trong.jpg');
UNLOCK TABLES;

--
-- Table structure for table `images_product`
--

DROP TABLE IF EXISTS `images_product`;
/*!40101 SET @saved_cs_client     = @@character_set_client */;
/*!50503 SET character_set_client = utf8mb4 */;
CREATE TABLE `images_product` (
  `id` bigint NOT NULL AUTO_INCREMENT,
  `url` varchar(255) DEFAULT NULL,
  `product_id` bigint DEFAULT NULL,
  PRIMARY KEY (`id`),
  KEY `FKhn2frdrbgsvritx4muipbd8v3` (`product_id`),
  CONSTRAINT `FKhn2frdrbgsvritx4muipbd8v3` FOREIGN KEY (`product_id`) REFERENCES `product` (`product_id`)
) ENGINE=InnoDB AUTO_INCREMENT=151 DEFAULT CHARSET=utf8mb4 COLLATE=utf8mb4_0900_ai_ci;
/*!40101 SET character_set_client = @saved_cs_client */;

--
-- Dumping data for table `images_product`
--

LOCK TABLES `images_product` WRITE;
INSERT INTO `images_product` VALUES (1,'https://file.hstatic.net/200000468171/file/vong-tay-khoi-thach-anh-hong__2__3675a63387cf42de81dac9c913c20be7_grande.jpg',1001),(2,'https://vuadaquyttgemstone.com/thumb/200x200x1x90/upload/hinhthem/z46225415775330495942afb9fc52cdc6df4b0b1433a81-8120.jpg',1001),(3,'https://vuadaquyttgemstone.com/thumb/200x200x1x90/upload/hinhthem/z46225415765736b3c2cf8563c1014f7503f6712515795-3578.jpg',1001),(4,'https://riogems.net/wp-content/uploads/2023/07/Vong-tay-go-TRAM-HUONG-khac-chu-Van-VANG-18K-1.jpg',1002),(5,'https://encrypted-tbn0.gstatic.com/images?q=tbn:ANd9GcRPceOxfpbGPTP6WQDjhGYCE_OPoTwKdml5jP4WpZD2J4TkeftCkkbldgYzYY_lvfFeKZk&usqp=CAU',1002),(6,'https://phongthuyvanbe.com/wp-content/uploads/2018/01/vong-tay-go-trac-kieu-tru-truc-6-600x600.jpg',1002),(7,'https://encrypted-tbn3.gstatic.com/shopping?q=tbn:ANd9GcSk6qPoAsdCi8XZ4XSpOYK9WyKH45pGkm7TVBeJXSDRNc8kBO_YgkBdx3AcILxUraadabCXVLyoCFIfUFP_tOmhdzCVhYqHb1sFTGE84YE&usqp=CAc',1003),(8,'https://encrypted-tbn3.gstatic.com/shopping?q=tbn:ANd9GcSk6qPoAsdCi8XZ4XSpOYK9WyKH45pGkm7TVBeJXSDRNc8kBO_YgkBdx3AcILxUraadabCXVLyoCFIfUFP_tOmhdzCVhYqHb1sFTGE84YE&usqp=CAc',1003),(9,'https://encrypted-tbn3.gstatic.com/shopping?q=tbn:ANd9GcSk6qPoAsdCi8XZ4XSpOYK9WyKH45pGkm7TVBeJXSDRNc8kBO_YgkBdx3AcILxUraadabCXVLyoCFIfUFP_tOmhdzCVhYqHb1sFTGE84YE&usqp=CAc',1003),(10,'https://micatrong.com/wp-content/uploads/2024/06/khung-hinh-mica-02-1-300x300.jpg',1004),(11,'https://micatrong.com/wp-content/uploads/2024/06/khung-hinh-mica-02.jpg',1004),(12,'https://micatrong.com/wp-content/uploads/2024/06/khung-hinh-mica-02-1.jpg',1004),(13,'https://xqvietnam.com/upload/images/6552%20thuan%20buom%20xuoi%20gio.png',1005),(14,'https://xqvietnam.com/upload/images/3780%20huong%20dong%20gio%20noi%20s.png',1005),(15,'https://xqvietnam.com/upload/images/5535%20Tr%C3%BAc%20%E1%BA%A2nh%20H%E1%BA%A1c%20Minh%20s.png',1005),(16,'https://img.thesitebase.net/10436/10436164/products/ver_1/1728031430d4b4fb1b41.png?width=128&height=0&min_height=128',1006),(17,'https://img.thesitebase.net/10436/10436164/products/ver_1/1728031430d4b4fb1b41.png?width=128&height=0&min_height=128',1006),(18,'https://tinhdaulachampa.net/upload/201910/PR0730_tinh-dau-cam-que-may-longfine-htd06-4.jpg',1007),(19,'https://tinhdaulachampa.net/upload/201910/PR0844_tinh-dau-cam-que-may-longfine-htd06-1.jpg',1007),(20,'https://product.hstatic.net/200000666175/product/upload_d640c5ccd9e34ff686badf5bca2abffd_master.jpg',1008),(21,'https://product.hstatic.net/200000666175/product/upload_3a1be761674e4297946ad44e3246b311_master.jpg',1008),(22,'https://product.hstatic.net/200000666175/product/upload_a0c1bfe34884417f8b366d61e3d7d30f_master.jpg',1008),(23,'https://menx.vn/wp-content/uploads/2022/03/vi-da-mini-da-bo-that-7.jpg',1009),(24,'https://menx.vn/wp-content/uploads/2022/03/vi-da-mini-da-bo-that-1.jpg',1009),(25,'https://menx.vn/wp-content/uploads/2022/03/vi-da-mini-da-bo-that-2.jpg',1009),(26,'https://menx.vn/wp-content/uploads/2022/03/vi-da-mini-da-bo-that-3.jpg',1009),(27,'https://cdn.chus.vn/images/thumbnails/767/767/detailed/210/4371c04be436f34e6ed6b2a5d0346ae0_w767_h1105.jpg',1010),(28,'https://cdn.chus.vn/images/thumbnails/767/767/detailed/210/1648626641_10375-12-f2_w767_h1105.jpg',1010),(29,'https://cdn.chus.vn/images/thumbnails/767/767/detailed/210/1648626641_10375-12-f3_w767_h1105.jpg',1010),(30,'https://i2.ex-cdn.com/homeaz.vn/files/sanpham/2022/06/20/khung-anh-go-de-ban-xoay-360-do-khung-anh-trang-tri-lam-qua-luu-niem-lover-s-homeazvn-1164951582.jpg',1011),(31,'https://i2.ex-cdn.com/homeaz.vn/files/sanpham/2022/06/20/khung-anh-go-de-ban-xoay-360-do-khung-anh-trang-tri-lam-qua-luu-niem-lover-s-homeazvn-4164955101.jpg',1011),(32,'https://i2.ex-cdn.com/homeaz.vn/files/sanpham/2022/06/20/khung-anh-go-de-ban-xoay-360-do-khung-anh-trang-tri-lam-qua-luu-niem-lover-s-homeazvn-2164953569.jpg',1011),(33,'https://down-vn.img.susercontent.com/file/9db9b49a8b54adcc608537f13b0794bd@resize_w900_nl.webp',1012),(34,'https://down-vn.img.susercontent.com/file/c1dbfbdc1ba3b6767b11e214237d8071@resize_w900_nl.webp',1012),(35,'https://down-vn.img.susercontent.com/file/2992a75f282f2e42b257688a58cf48be@resize_w900_nl.webp',1012),(36,'https://down-vn.img.susercontent.com/file/25f4686a169ec7dd69c878a399c98767@resize_w900_nl.webp',1012),(37,'https://bizweb.dktcdn.net/thumb/large/100/364/149/products/dsc03772.jpg?v=1690513899273',1013),(38,'https://bizweb.dktcdn.net/thumb/large/100/364/149/products/dsc03674.jpg?v=1690513901460',1013),(39,'https://bizweb.dktcdn.net/thumb/large/100/364/149/products/dsc03707.jpg?v=1690513899273',1013),(40,'https://bizweb.dktcdn.net/thumb/large/100/364/149/products/untitled-1.jpg?v=1690513899273',1013),(41,'https://file.hstatic.net/1000309554/file/tong-hop-maple-iphone-case2a_4a77311ed9e44dab97c487c954440950.jpg',1014),(42,'https://file.hstatic.net/1000309554/file/tong-hop-walnut-samsung-case2a_ef5088fd081b4c519f441db433ebd746.jpg',1014),(43,'https://bizweb.dktcdn.net/100/090/662/products/so-a5-dong-ten-gan-charm-avt.jpg?v=1626851129563',1015),(44,'https://bizweb.dktcdn.net/100/090/662/products/so-tay-bia-da-handmade.jpg?v=1626851129563',1015),(45,'https://static.wixstatic.com/media/08b59d_4404573e6a2842549abc3cca32b10cad~mv2.jpg/v1/fill/w_550,h_625,al_c,q_80,usm_0.66_1.00_0.01,enc_avif,quality_auto/08b59d_4404573e6a2842549abc3cca32b10cad~mv2.jpg',1016),(46,'https://static.wixstatic.com/media/08b59d_cf7303e1475f466e9255e457865b3fb6~mv2.jpg/v1/fill/w_550,h_625,al_c,q_80,usm_0.66_1.00_0.01,enc_avif,quality_auto/08b59d_cf7303e1475f466e9255e457865b3fb6~mv2.jpg',1016),(47,'https://static.wixstatic.com/media/08b59d_9f922e8f4471410fae9bbc0dbd628be0~mv2.jpg/v1/fill/w_550,h_625,al_c,q_80,usm_0.66_1.00_0.01,enc_avif,quality_auto/08b59d_9f922e8f4471410fae9bbc0dbd628be0~mv2.jpg',1016),(48,'https://file.hstatic.net/1000073205/file/tote-0052020_final_814d0b68ba7e49c29fd6474f4ae0c9bf.jpg',1017),(49,'https://file.hstatic.net/1000073205/file/tu-0012020_final_8f79f36799bd4d5bae92b40e9e37f7b1.jpg',1017),(50,'https://file.hstatic.net/1000073205/file/tu-0052020_final_e15c53a584fe4b9187dc25166659883c.jpg',1017),(51,'https://product.hstatic.net/200000332759/product/upload_62df288a957548c9abeba1513965a0cd_master.jpg',1018),(52,'https://product.hstatic.net/200000332759/product/upload_311cb3b774584b70a551eb7f298c3a08_master.jpg',1018),(53,'https://product.hstatic.net/200000332759/product/upload_264eb178e8d744eaa2b1a731c1c4a10b_master.jpg',1018),(54,'https://gomsuthanhluong.com/astoophi/2022/04/13274-cp-binh-hoa-bat-trang.jpg',1019),(55,'https://gomsuthanhluong.com/astoophi/2022/04/13273-cp-binh-hoa-bat-trang.jpg',1019),(56,'https://down-vn.img.susercontent.com/file/sg-11134201-22120-uy42xu6i45kv99.webp',1020),(57,'https://down-vn.img.susercontent.com/file/sg-11134201-22120-ioj50s6i45kv19.webp',1020),(58,'https://down-vn.img.susercontent.com/file/sg-11134201-22120-d8w3du6i45kv76.webp',1020),(59,'https://down-vn.img.susercontent.com/file/vn-11134207-7qukw-lfp4nyqmszg57f.webp',1020),(60,'https://down-vn.img.susercontent.com/file/vn-11134207-7qukw-lfp4nyqmc4mt5f.webp',1020),(61,'https://down-vn.img.susercontent.com/file/vn-11134207-7qukw-lfp4nyqmq6bo02.webp',1020),(62,'https://tanmydesign.com/uploaded/san-pham/Do%20theu%20khac/TMD013004-4.jpg',1021),(63,'https://tanmydesign.com/uploaded/san-pham/Do%20theu%20khac/TMD013004-3.jpg',1021),(64,'https://tanmydesign.com/temp/-uploaded-san-pham-Do%20theu%20khac_TMD013004-2_cr_720x720.jpg',1021),(65,'https://down-vn.img.susercontent.com/file/f421f72f805d5ff94a046f04403db08f@resize_w900_nl.webp',1022),(66,'https://down-vn.img.susercontent.com/file/6c137d96f1ad5c886fb47da9e1ccc988.webp',1022),(67,'https://down-vn.img.susercontent.com/file/e248c0ae850b1ca7a33295e46b508662.webp',1022),(68,'https://product.hstatic.net/200000654931/product/img_5348_34bb7d252b484a4d97ae5d0aa47cf95a_master.jpg',1023),(69,'https://product.hstatic.net/200000654931/product/img_5350_5a190b3b4a104d258ef9604964bdd930_master.jpg',1023),(70,'https://cdn.chus.vn/images/thumbnails/767/767/detailed/242/sct_iuwn-8s.jpg',1024),(71,'https://cdn.chus.vn/images/thumbnails/767/767/detailed/242/4_d7b1-l6.jpg',1024),(72,'https://cdn.chus.vn/images/thumbnails/767/767/detailed/209/1647858336_10418-05-f3_w767_h1105.jpg',1024),(73,'https://kibath.vn/wp-content/uploads/2021/01/guong-dong-600x600.jpg',1025),(74,'https://kibath.vn/wp-content/uploads/2021/01/guuong-co-dien-treo-tuong-600x600.jpg',1025),(75,'https://kibath.vn/wp-content/uploads/2021/01/guong-tan-co-dien-treo-tuong-600x600.jpg',1025),(76,'https://tbig.vn/wp-content/uploads/2020/12/dong-ho-treo-tuong-go-sb034-768x768.jpg',1026),(77,'https://tbig.vn/wp-content/uploads/2020/12/dong-ho-treo-tuong-sb034-1-768x768.jpg',1026),(78,'https://tbig.vn/wp-content/uploads/2020/12/dong-ho-treo-tuong-sb034-5-768x768.jpg',1026),(79,'https://peonies.vn/wp-content/uploads/2025/03/ImportedPhoto.758104891.27599-768x1024.jpeg',1027),(80,'https://peonies.vn/wp-content/uploads/2025/03/ImportedPhoto.758104891.277307-scaled.jpeg',1027),(81,'https://peonies.vn/wp-content/uploads/2025/03/ImportedPhoto.758104891.278229-scaled.jpeg',1027),(82,'https://peonies.vn/wp-content/uploads/2025/03/ImportedPhoto.758104891.278966-scaled.jpeg',1027),(83,'https://sp-ao.shortpixel.ai/client/q_glossy,ret_img,w_600/https://inogarden.vn/wp-content/uploads/binh-gom-cam-hoa.jpg',1028),(84,'https://sp-ao.shortpixel.ai/client/q_glossy,ret_img,w_600/https://inogarden.vn/wp-content/uploads/binh-hoa-gom-moc-012.jpg',1028),(85,'https://sp-ao.shortpixel.ai/client/q_glossy,ret_img,w_600/https://inogarden.vn/wp-content/uploads/binh-hoa-gom-moc-07.jpg',1028),(86,'https://down-vn.img.susercontent.com/file/vn-11134207-7ras8-m16pfdsqigze40@resize_w900_nl.webp',1029),(87,'https://down-vn.img.susercontent.com/file/vn-11134207-7ra0g-m76latyu74h31c@resize_w900_nl.webp',1029),(88,'https://down-vn.img.susercontent.com/file/vn-11134207-7ra0g-m8d9gnoncb44d2@resize_w900_nl.webp',1029),(89,'https://vinpack.vn/uploads/details/2024/09/images/cac-mau-tui-vai-day-day-rut-duoc-su-dung-pho-bien-hien-nayoptimized.jpg',1030),(90,'https://vinpack.vn/uploads/details/2024/09/images/tui-vai-day-day-rut-dung-hat-ca-phe-va-dauoptimized.jpg',1030),(91,'https://vinpack.vn/uploads/details/2024/09/images/tui-vai-day-day-rut-duoc-trang-tri-them-phu-kien-handmadeoptimized.jpg',1030),(92,'https://dogovinhdinh.vn/wp-content/uploads/2022/02/108hattudandotim-e1682566028969-768x706.jpg',1031),(93,'https://dogovinhdinh.vn/wp-content/uploads/2020/11/01-768x512.jpg',1031),(94,'https://dogovinhdinh.vn/wp-content/uploads/2020/11/03-768x512.jpg',1031),(95,'https://dogovinhdinh.vn/wp-content/uploads/2020/11/08-768x512.jpg',1031),(96,'https://cdn.chus.vn/images/thumbnails/767/767/detailed/298/5_ox35-ld.jpg',1032),(97,'https://cdn.chus.vn/images/thumbnails/767/767/detailed/298/4_4v2d-qr.jpg',1032),(98,'https://cdn.chus.vn/images/thumbnails/767/767/detailed/298/2_mnhp-d4.jpg',1032),(99,'https://down-vn.img.susercontent.com/file/sg-11134201-7rdyg-lyvyrhz3npjb8e.webp',1033),(100,'https://down-vn.img.susercontent.com/file/sg-11134201-7rdy8-lyvyri89aboq51.webp',1033),(101,'https://down-vn.img.susercontent.com/file/sg-11134201-7rdxb-lyvyriyw5xc655.webp',1033),(102,'https://inmauhanoi.com/wp-content/uploads/2021/07/in-tranh-canvas-theo-yeu-cau-0-e1626234737359.png',1034),(103,'https://inmauhanoi.com/wp-content/themes/yootheme/cache/e3/18685294_1437293312997697_1092363820_n-e32b156b.webp',1034),(104,'https://inmauhanoi.com/wp-content/uploads/2021/07/in-tranh-canvas-theo-yeu-cau-1-e1626234787714.jpg',1034),(105,'https://img.lazcdn.com/g/p/1a4fa011ea0e8a9691dbd497cf9e888d.jpg_2200x2200q80.jpg_.webp',1035),(106,'https://img.lazcdn.com/g/p/c9eac8fc609904f09393e97eeebb7be4.jpg_2200x2200q80.jpg_.webp',1035),(107,'https://linlinmacrame.com/wp-content/uploads/2024/10/images-upload-woo2Fdd707ac9f9c82dcf8ee6fd4141abd133.jpg',1036),(108,'https://linlinmacrame.com/wp-content/uploads/2024/10/images-upload-woo2Fef67c7e4de20696c2ae86e8cf3a7b3b5.jpg',1036),(109,'https://linlinmacrame.com/wp-content/uploads/2024/10/images-upload-woo2F8c5ebb09332a45e7f9da10f597129e45.jpg',1036),(110,'https://cdn.chus.vn/images/thumbnails/767/767/detailed/205/1647352758_10181-10-f2_w767_h1105.jpg',1037),(111,'https://cdn.chus.vn/images/thumbnails/767/767/detailed/205/7a473dddb5cef3f9e02fae3dd279e268_w767_h1105.jpg',1037),(112,'https://down-vn.img.susercontent.com/file/vn-11134201-7qukw-lf1kzaqkd6yy32@resize_w900_nl.webp',1038),(113,'https://down-vn.img.susercontent.com/file/vn-11134201-7qukw-lf1kzapqeezb43.webp',1038),(114,'https://down-vn.img.susercontent.com/file/vn-11134201-7qukw-lf1kzc8y5lze35.webp',1038),(115,'https://macdanhtra.com/wp-content/uploads/2017/09/tuong-phat-di-lac-bang-go-tg09-1.jpg',1039),(116,'https://macdanhtra.com/wp-content/uploads/2017/09/tuong-phat-di-lac-bang-go-tg09-2-1.jpg',1039),(117,'https://macdanhtra.com/wp-content/uploads/2017/09/tuong-phat-di-lac-bang-go-tg09-3-1.jpg',1039),(118,'https://down-vn.img.susercontent.com/file/c3a0492b81152eefddb65a4944e8d8a5.webp',1040),(119,'https://down-vn.img.susercontent.com/file/854e69139e7f12b4cf97c906da549ffe.webp',1040),(120,'https://down-vn.img.susercontent.com/file/f968c812e6c3ec146b61a9af4e87ecea.webp',1040),(121,'https://down-vn.img.susercontent.com/file/25311b73c84d4cb65cb346d29dee6302.webp',1040),(122,'https://www.thucongvietnam.com/data/news/15357/z3762142305953_e464ded12370201c5bbb03b63df5d627.jpg',1041),(123,'https://www.thucongvietnam.com/data/news/15357/z3762142311897_e850c08375876b246e48bc636abe938e.jpg',1041),(124,'https://klong.com.vn/image/cache/catalog/Vo%20ve/762-300x300.jpg',1042),(125,'https://klong.com.vn/image/cache/catalog/Vo%20ve/762%20r-800x800.jpg',1042),(126,'https://klong.com.vn/image/cache/catalog/Vo%20ve/762%20r2-300x300.jpg',1042),(127,'https://down-vn.img.susercontent.com/file/vn-11134207-7ras8-m1nqy0vdkbsvc1.webp',1043),(128,'https://down-vn.img.susercontent.com/file/vn-11134207-7ras8-m1npxwqh4s43be.webp',1043),(129,'https://down-vn.img.susercontent.com/file/vn-11134207-7ras8-m1npxwqgpc5b2d.webp',1043),(130,'https://down-vn.img.susercontent.com/file/vn-11134258-7ra0g-m8z3cztckoqs46',1043),(131,'https://down-vn.img.susercontent.com/file/sg-11134201-22100-cexeqkydr9iv20.webp',1044),(132,'https://down-vn.img.susercontent.com/file/sg-11134201-22100-cyc9y0ydr9iv7f.webp',1044),(133,'https://down-vn.img.susercontent.com/file/sg-11134201-22100-31avxw3dr9iv89.webp',1044),(134,'https://down-vn.img.susercontent.com/file/vn-11134207-7ras8-m1o8x5xrhb5r83.webp',1045),(135,'https://down-vn.img.susercontent.com/file/vn-11134207-7ras8-m15qkx1zbn227a.webp',1045),(136,'https://down-vn.img.susercontent.com/file/vn-11134207-7ras8-m1o8x5xr62m722.webp',1045),(137,'https://down-vn.img.susercontent.com/file/vn-11134207-7ras8-m1o8x66wr9eb00.webp',1045),(138,'https://product.hstatic.net/1000323471/product/bacf3362_a3f91e62373b48029021f8748805c0fe_master.jpg',1046),(139,'https://product.hstatic.net/1000323471/product/bacf3362_a3f91e62373b48029021f8748805c0fe_master.jpg',1046),(140,'https://product.hstatic.net/1000323471/product/bacf3362_a3f91e62373b48029021f8748805c0fe_master.jpg',1046),(141,'https://product.hstatic.net/1000323471/product/bacf3362_a3f91e62373b48029021f8748805c0fe_master.jpg',1046),(142,'https://down-vn.img.susercontent.com/file/vn-11134207-7r98o-ltp5chjptkay35.webp',1047),(143,'https://down-vn.img.susercontent.com/file/vn-11134207-7ras8-m353geytphhqe2.webp',1047),(144,'https://down-vn.img.susercontent.com/file/vn-11134207-7r98o-ltp5chjps5qiea.webp',1047),(145,'https://tayta.com.vn/upload/product/thiep-3d-qua-tang-giang-sinh-ong-gia-noel-tayta5-2830_250x250.png',1048),(146,'https://tayta.com.vn/upload/product/thiep-3d-qua-tang-giang-sinh-ong-gia-noel-tayta3-2503_250x250.png',1048),(147,'https://tayta.com.vn/upload/product/thiep-3d-qua-tang-giang-sinh-ong-gia-noel-tayta2-9806_250x250.png',1048),(148,'https://cdn.chus.vn/images/thumbnails/767/767/detailed/288/IMG_7498.jpeg',1049),(149,'https://cdn.chus.vn/images/thumbnails/767/767/detailed/291/IMG_7585.jpeg',1049),(150,'https://bizweb.dktcdn.net/100/471/174/products/vn-11134207-7r98o-lwi3w1cqurx51a.jpg?v=1723001714300',1050);
UNLOCK TABLES;

--
-- Table structure for table `product`
--

DROP TABLE IF EXISTS `product`;
/*!40101 SET @saved_cs_client     = @@character_set_client */;
/*!50503 SET character_set_client = utf8mb4 */;
CREATE TABLE `product` (
  `product_id` bigint NOT NULL AUTO_INCREMENT,
  `description` varchar(255) DEFAULT NULL,
  `image` varchar(255) DEFAULT NULL,
  `name` varchar(255) DEFAULT NULL,
  `price` double DEFAULT NULL,
  `quantity` int DEFAULT NULL,
  `category_id` bigint DEFAULT NULL,
  `favorite_id` bigint DEFAULT NULL,
  PRIMARY KEY (`product_id`),
  KEY `FK1mtsbur82frn64de7balymq9s` (`category_id`),
  KEY `FK1awjd8t5th5meqd80gqf1vbyq` (`favorite_id`),
  CONSTRAINT `FK1awjd8t5th5meqd80gqf1vbyq` FOREIGN KEY (`favorite_id`) REFERENCES `favorite` (`favorite_id`),
  CONSTRAINT `FK1mtsbur82frn64de7balymq9s` FOREIGN KEY (`category_id`) REFERENCES `category` (`category_id`)
) ENGINE=InnoDB AUTO_INCREMENT=1051 DEFAULT CHARSET=utf8mb4 COLLATE=utf8mb4_0900_ai_ci;
/*!40101 SET character_set_client = @saved_cs_client */;

--
-- Dumping data for table `product`
--

LOCK TABLES `product` WRITE;
INSERT INTO `product` VALUES (1001,'Vòng tay đá thạch anh hồng handmade','https://file.hstatic.net/200000468171/file/vong-tay-khoi-thach-anh-hong__2__3675a63387cf42de81dac9c913c20be7_grande.jpg','Vòng tay đá tự nhiên',150000,20,101,NULL),(1002,'Vòng tay gỗ khắc tên theo yêu cầu','https://riogems.net/wp-content/uploads/2023/07/Vong-tay-go-TRAM-HUONG-khac-chu-Van-VANG-18K-1.jpg','Vòng tay gỗ khắc chữ',120000,40,101,NULL),(1003,'Dây chuyền ngọc trai biển xanh','https://encrypted-tbn3.gstatic.com/shopping?q=tbn:ANd9GcSk6qPoAsdCi8XZ4XSpOYK9WyKH45pGkm7TVBeJXSDRNc8kBO_YgkBdx3AcILxUraadabCXVLyoCFIfUFP_tOmhdzCVhYqHb1sFTGE84YE&usqp=CAc','Dây chuyền ngọc trai',250000,100,101,NULL),(1004,'Khung ảnh gỗ tái chế handmade','https://micatrong.com/wp-content/uploads/2024/06/khung-hinh-mica-02-1-300x300.jpg','Khung ảnh gỗ',130000,0,102,NULL),(1005,'Tranh thêu tay chủ đề thiên nhiên','https://xqvietnam.com/upload/images/6552%20thuan%20buom%20xuoi%20gio.png','Tranh thêu tay',300000,0,102,NULL),(1006,'Thiệp pop-up 3D handmade mừng sinh nhật','https://img.thesitebase.net/10436/10436164/products/ver_1/1728031430d4b4fb1b41.png?width=128&height=0&min_height=128','Thiệp pop-up',50000,0,103,NULL),(1007,'Sáp thơm cắm que mùi oải hương','https://tinhdaulachampa.net/upload/201910/PR0730_tinh-dau-cam-que-may-longfine-htd06-4.jpg','Sáp thơm cắm que',80000,0,104,NULL),(1008,'Nến thơm handmade hình hoa hồng','https://product.hstatic.net/200000666175/product/upload_3a1be761674e4297946ad44e3246b311_master.jpg','Nến thơm thủ công',90000,0,104,NULL),(1009,'Ví da bò khâu tay nhỏ gọn','https://menx.vn/wp-content/uploads/2022/03/vi-da-mini-da-bo-that-7.jpg','Ví da handmade',200000,0,105,NULL),(1010,'Túi vải thổ cẩm đeo chéo','https://cdn.chus.vn/images/thumbnails/767/767/detailed/210/4371c04be436f34e6ed6b2a5d0346ae0_w767_h1105.jpg','Túi vải thổ cẩm',180000,0,105,NULL),(1011,'Khung ảnh gỗ để bàn','https://i2.ex-cdn.com/homeaz.vn/files/sanpham/2022/06/20/khung-anh-go-de-ban-xoay-360-do-khung-anh-trang-tri-lam-qua-luu-niem-lover-s-homeazvn-1164951582.jpg','Khung ảnh gỗ nhỏ',100000,0,102,NULL),(1012,'Móc khóa resin hình hoa cúc','https://down-vn.img.susercontent.com/file/9db9b49a8b54adcc608537f13b0794bd@resize_w900_nl.webp','Móc khóa resin',60000,0,103,NULL),(1013,'Đèn ngủ đất sét vẽ tay','https://bizweb.dktcdn.net/thumb/large/100/364/149/products/dsc03674.jpg?v=1690513901460','Đèn ngủ đất sét',220000,0,104,NULL),(1014,'Ốp lưng gỗ khắc laser','https://file.hstatic.net/1000309554/file/tong-hop-maple-iphone-case2a_4a77311ed9e44dab97c487c954440950.jpg','Ốp lưng điện thoại',170000,0,105,NULL),(1015,'Sổ tay bìa da handmade A5','https://bizweb.dktcdn.net/100/090/662/products/so-a5-dong-ten-gan-charm-avt.jpg?v=1626851129563','Sổ tay bìa da',140000,0,103,NULL),(1016,'Lót cốc thêu tay họa tiết hoa','https://static.wixstatic.com/media/08b59d_cf7303e1475f466e9255e457865b3fb6~mv2.jpg/v1/fill/w_550,h_625,al_c,q_80,usm_0.66_1.00_0.01,enc_avif,quality_auto/08b59d_cf7303e1475f466e9255e457865b3fb6~mv2.jpg','Lót cốc thêu tay',40000,0,103,NULL),(1017,'Túi canvas vẽ tay nghệ thuật','https://file.hstatic.net/1000073205/file/tu-0012020_final_8f79f36799bd4d5bae92b40e9e37f7b1.jpg','Túi canvas vẽ tay',160000,0,105,NULL),(1018,'Vòng cổ makrame tông xanh','https://product.hstatic.net/200000332759/product/upload_311cb3b774584b70a551eb7f298c3a08_master.jpg','Vòng cổ makrame',120000,0,101,NULL),(1019,'Bình gốm sứ vẽ tay','https://gomsuthanhluong.com/astoophi/2022/04/13273-cp-binh-hoa-bat-trang.jpg','Bình gốm sứ',260000,0,102,NULL),(1020,'Thảm chùi chân len đan tay','https://down-vn.img.susercontent.com/file/sg-11134201-22120-uy42xu6i45kv99.webp','Thảm chùi chân',110000,0,105,NULL),(1021,'Gối tựa lưng thêu tay','https://tanmydesign.com/uploaded/san-pham/Do%20theu%20khac/TMD013004-4.jpg','Gối tựa lưng',150000,0,103,NULL),(1022,'Dây chuyền gỗ khắc hình','https://down-vn.img.susercontent.com/file/6c137d96f1ad5c886fb47da9e1ccc988.webp','Mặt dây chuyền gỗ',130000,0,101,NULL),(1023,'Khăn choàng len dệt thủ công','https://product.hstatic.net/200000654931/product/img_5348_34bb7d252b484a4d97ae5d0aa47cf95a_master.jpg','Khăn choàng len',190000,0,105,NULL),(1024,'Ví cầm tay vải hoa văn','https://cdn.chus.vn/images/thumbnails/767/767/detailed/242/4_d7b1-l6.jpg','Ví cầm tay vải',90000,0,105,NULL),(1025,'Khung gương gỗ vintage','https://kibath.vn/wp-content/uploads/2021/01/guong-dong-600x600.jpg','Khung gương vintage',240000,0,102,NULL),(1026,'Đồng hồ gỗ treo tường handmade','https://tbig.vn/wp-content/uploads/2020/12/dong-ho-treo-tuong-go-sb034-768x768.jpg','Đồng hồ gỗ',320000,0,102,NULL),(1027,'Thiệp cưới handmade sang trọng','https://peonies.vn/wp-content/uploads/2025/03/ImportedPhoto.758104891.277307-scaled.jpeg','Thiệp cưới',70000,0,103,NULL),(1028,'Bình hoa đất nung mộc mạc','https://sp-ao.shortpixel.ai/client/q_glossy,ret_img,w_600/https://inogarden.vn/wp-content/uploads/binh-gom-cam-hoa.jpg','Bình hoa đất nung',210000,0,102,NULL),(1029,'Tượng đất sét mini','https://down-vn.img.susercontent.com/file/vn-11134207-7ras8-m16pfdsqigze40@resize_w900_nl.webp','Tượng đất sét',95000,0,104,NULL),(1030,'Túi rút dây vải thô','https://vinpack.vn/uploads/details/2024/09/images/cac-mau-tui-vai-day-day-rut-duoc-su-dung-pho-bien-hien-nayoptimized.jpg','Túi rút dây',80000,0,105,NULL),(1031,'Vòng tay charm mix hạt gỗ','https://dogovinhdinh.vn/wp-content/uploads/2020/11/01-768x512.jpg','Vòng tay charm',110000,0,101,NULL),(1032,'Móc khóa vải thêu tay','https://cdn.chus.vn/images/thumbnails/767/767/detailed/298/4_4v2d-qr.jpg','Móc khóa vải',50000,0,103,NULL),(1033,'Đèn lồng giấy handmade','https://down-vn.img.susercontent.com/file/sg-11134201-7rdy8-lyvyri89aboq51.webp','Đèn lồng giấy',120000,0,104,NULL),(1034,'Tranh canvas in tay','https://inmauhanoi.com/wp-content/themes/yootheme/cache/e3/18685294_1437293312997697_1092363820_n-e32b156b.webp','Tranh canvas',280000,0,102,NULL),(1035,'Bình giữ nhiệt vẽ tay','goi-lung.jpg','Bình giữ nhiệt',230000,0,104,NULL),(1036,'Khung ảnh macrame treo tường','https://linlinmacrame.com/wp-content/uploads/2024/10/images-upload-woo2Fef67c7e4de20696c2ae86e8cf3a7b3b5.jpg','Khung ảnh macrame',220000,0,102,NULL),(1037,'Túi tote canvas vẽ tay','https://cdn.chus.vn/images/thumbnails/767/767/detailed/205/1647352758_10181-10-f2_w767_h1105.jpg','Túi tote vẽ tay',150000,0,105,NULL),(1038,'Lịch gỗ handmade','https://down-vn.img.susercontent.com/file/vn-11134201-7qukw-lf1kzaqkd6yy32@resize_w900_nl.webp','Lịch gỗ treo tường',200000,0,102,NULL),(1039,'Tượng gỗ điêu khắc nhỏ','https://macdanhtra.com/wp-content/uploads/2017/09/tuong-phat-di-lac-bang-go-tg09-1.jpg','Tượng gỗ mini',180000,0,102,NULL),(1040,'Vòng tay len móc tay','https://down-vn.img.susercontent.com/file/c3a0492b81152eefddb65a4944e8d8a5.webp','Vòng tay len',90000,0,101,NULL),(1041,'Mặt nạ giấy hoa văn','https://www.thucongvietnam.com/data/news/15357/z3762142305953_e464ded12370201c5bbb03b63df5d627.jpg','Mặt nạ giấy handmade',60000,0,104,NULL),(1042,'Sách tay vẽ A5','https://klong.com.vn/image/cache/catalog/Vo%20ve/762%20r-800x800.jpg','Sách tay vẽ',80000,0,103,NULL),(1043,'Băng đô vải thắt nơ','https://down-vn.img.susercontent.com/file/vn-11134207-7ras8-m1npxwqh4s43be.webp','Băng đô vải',50000,0,105,NULL),(1044,'Bông tai resin hình giọt nước','https://down-vn.img.susercontent.com/file/vn-11134207-7ras8-m1o8x66wr9eb00.webp','Bông tai resin',70000,0,103,NULL),(1045,'Bông tai thổ cẩm nhiều màu','https://phukienhana.com/wp-content/uploads/2024/06/z5574943188526_2a5f9e344161445da49d4e4416a52719.jpg','Bông tai thổ cẩm',75000,0,103,NULL),(1046,'Ví da bò mini','https://product.hstatic.net/1000323471/product/bacf3362_a3f91e62373b48029021f8748805c0fe_master.jpg','Ví da nhỏ',160000,0,105,NULL),(1047,'Khung ảnh kim loại mỏng','https://down-vn.img.susercontent.com/file/vn-11134207-7ras8-m353geytphhqe2.webp','Khung ảnh kim loại',210000,0,102,NULL),(1048,'Thiệp Giáng Sinh 3D','https://tayta.com.vn/upload/product/thiep-3d-qua-tang-giang-sinh-ong-gia-noel-tayta3-2503_250x250.png','Thiệp Giáng Sinh',60000,0,103,NULL),(1049,'Túi vải tái chế handmade','https://cdn.chus.vn/images/thumbnails/767/767/detailed/291/IMG_7585.jpeg','Túi vải tái chế',140000,0,105,NULL),(1050,'Móc khóa pha lê handmade','https://bizweb.dktcdn.net/100/471/174/products/vn-11134207-7r98o-lwi3w1cqurx51a.jpg?v=1723001714300','Móc khóa pha lê',80000,0,103,NULL);
UNLOCK TABLES;


DROP TABLE IF EXISTS `user`;
/*!40101 SET @saved_cs_client     = @@character_set_client */;
/*!50503 SET character_set_client = utf8mb4 */;
CREATE TABLE `user` (
  `user_id` bigint NOT NULL AUTO_INCREMENT,
  `active` bit(1) NOT NULL,
  `avatar` varchar(255) DEFAULT NULL,
  `email` varchar(255) NOT NULL,
  `full_name` varchar(255) DEFAULT NULL,
  `otp_code` varchar(255) DEFAULT NULL,
  `otp_expiration` datetime(6) DEFAULT NULL,
  `password` varchar(255) NOT NULL,
  `phone` varchar(255) DEFAULT NULL,
  `token` varchar(255) DEFAULT NULL,
  `type` enum('New','Regular','VIP') DEFAULT NULL,
  PRIMARY KEY (`user_id`),
  UNIQUE KEY `UKob8kqyqqgmefl0aco34akdtpe` (`email`)
) ENGINE=InnoDB AUTO_INCREMENT=6 DEFAULT CHARSET=utf8mb4 COLLATE=utf8mb4_0900_ai_ci;
/*!40101 SET character_set_client = @saved_cs_client */;

--
-- Dumping data for table `user`
--

LOCK TABLES `user` WRITE;
INSERT INTO `user` VALUES (1,_binary '',NULL,'minhhoa@example.com','Nguyễn Minh Hòa','123456','2025-04-10 23:59:59.000000','123456',NULL,NULL,'New'),(2,_binary '',NULL,'hoamai@example.com','Trần Hoa Mai','123456','2025-04-10 23:59:59.000000','123456',NULL,NULL,'New'),(3,_binary '',NULL,'thienan@example.com','Lê Thiên Ân','123456','2025-04-10 23:59:59.000000','123456',NULL,NULL,'New'),(4,_binary '',NULL,'tuyettrinh@example.com','Phạm Tuyết Trinh','123456','2025-04-10 23:59:59.000000','123456',NULL,NULL,'New'),(5,_binary '',NULL,'adminshop@example.com','Admin Handmade','123456','2025-04-10 23:59:59.000000','123456',NULL,NULL,'New');
UNLOCK TABLES;

-- Dump completed
